{
    "xsec": 0.72978,
    "k_factor": 1.13974074379,
    "gen_filt_eff": 0.45627,
    "lumi": 3.1
}

